strategy,total_return,annualized_return,volatility,sharpe_ratio,max_drawdown,calmar_ratio,win_rate,profit_factor,total_trades,var_95,skewness
StatisticalTrader,-0.008982459999999803,-0.987614334511207,0.059880494057384874,-16.827087858453318,0.03627108843940401,-27.228693072201473,0.18701700154559506,0.5852520799383458,647,-0.0009661402909852956,-0.7632247508769532
BuyAndHoldTrader,-0.0006855000000000055,-0.28374884408386225,0.011022527266106499,-27.557096185905454,0.00269638818802218,-105.23293542981808,0.0,inf,12,-0.00015009163094070743,-0.5216022776489111
RuleBasedTrader,-0.020299599999999196,-0.9999537194109198,0.03562896168895437,-28.627096358160895,0.05279860611991647,-18.939017388826887,0.17017383348581885,0.35888291979038967,1093,-0.0006566411808687223,-1.278074995572353
MomentumFollower,-0.02591349999999981,-0.9999971764516599,0.03491872853647405,-29.210604715639366,0.0647268407957745,-15.44949767603893,0.10355029585798817,0.4022205242557969,1014,-0.0007199497448430181,-2.4648404373075974
RandomTrader,-0.005132399999999926,-0.9182590181203063,0.01771637717165296,-52.959982113135695,0.010512627525234153,-87.3481930103724,0.16140350877192983,0.8236995686754989,285,-0.00030026993065690455,0.43585755218560324
